Question,Ideal_Answer,Category,Role,Difficulty
"Tell me about yourself.","I am a dedicated professional with experience in [field]. I've worked on [key projects] and bring skills in [relevant skills]. I'm passionate about [industry] and looking forward to contributing to your team.","Introduction","General",Easy
"Why do you want to work here?","I've researched your company extensively and am impressed by [specific company achievement]. My skills in [relevant area] align perfectly with your team's goals, and I'm excited about the opportunity to contribute to [specific project or mission].","Motivation","General",Easy
"What are your greatest strengths?","My greatest strengths include strong analytical thinking, effective communication, and the ability to collaborate across teams. For example, in my previous role I [specific achievement demonstrating the strength].","Self-Assessment","General",Easy
"What is your greatest weakness?","I sometimes tend to be overly detail-oriented, which can slow me down. I've been actively working on this by setting time-boxed reviews and prioritizing tasks to maintain both quality and efficiency.","Self-Assessment","General",Medium
"Describe a challenging project you worked on.","In my previous role, I led a project to [describe project]. The main challenge was [specific challenge]. I addressed it by [approach taken], which resulted in [positive outcome with metrics if possible].","Experience","General",Medium
"How do you handle tight deadlines?","I prioritize tasks using a structured approach — breaking work into smaller milestones, communicating proactively with stakeholders about progress, and staying focused on high-impact deliverables. In a recent project, this approach helped me deliver [result] two days ahead of schedule.","Work Style","General",Medium
"Explain the concept of Object-Oriented Programming.","OOP is a programming paradigm based on the concept of objects, which contain data (attributes) and code (methods). The four pillars are Encapsulation, Abstraction, Inheritance, and Polymorphism. For example, in Python, a class 'Car' can encapsulate properties like 'speed' and methods like 'accelerate()'.","Technical","Software Engineer",Easy
"What is the difference between SQL and NoSQL databases?","SQL databases are relational, use structured schemas, and support ACID transactions (e.g., PostgreSQL, MySQL). NoSQL databases are non-relational, schema-flexible, and optimized for horizontal scaling (e.g., MongoDB, Cassandra). The choice depends on data structure, scalability needs, and consistency requirements.","Technical","Software Engineer",Medium
"How would you design a URL shortener?","I'd design it with: 1) A hash function to generate short codes from long URLs, 2) A database to map short codes to original URLs, 3) A redirect service that looks up the short code and returns a 301/302 redirect. For scale, I'd add caching (Redis), a load balancer, and consider base62 encoding for compact codes.","System Design","Software Engineer",Hard
"What is the difference between a process and a thread?","A process is an independent program with its own memory space, while a thread is a lightweight unit of execution within a process that shares the process's memory. Threads are faster to create and switch between, but require careful synchronization to avoid race conditions.","Technical","Software Engineer",Medium
"Describe your experience with Agile methodology.","I've worked in Agile/Scrum teams for [X years]. I'm experienced with sprint planning, daily standups, retrospectives, and backlog grooming. I value iterative delivery, continuous feedback, and cross-functional collaboration. In my last team, adopting Agile improved our delivery speed by 30%.","Process","Software Engineer",Easy
"How do you resolve conflicts in a team?","I believe in addressing conflicts early through open, respectful communication. I listen to all perspectives, identify the root cause, and work collaboratively toward a solution. In one instance, I mediated a disagreement between two team members about [topic] by facilitating a structured discussion that led to a compromise both parties supported.","Conflict Resolution","HR",Medium
"What motivates you at work?","I'm motivated by solving challenging problems, continuous learning, and seeing the tangible impact of my work. Being part of a team that values innovation and collaboration also drives me to perform at my best.","Motivation","General",Easy
"Where do you see yourself in five years?","In five years, I see myself in a senior [role] position where I can lead projects, mentor junior team members, and drive strategic initiatives. I'm committed to continuous growth and want to make a meaningful impact in [industry/domain].","Career Goals","General",Medium
"How do you stay updated with the latest technology trends?","I follow industry blogs (e.g., Hacker News, TechCrunch), take online courses on platforms like Coursera and Udemy, attend meetups and conferences, contribute to open-source projects, and actively participate in developer communities on GitHub and Stack Overflow.","Professional Development","Software Engineer",Easy
"Explain the CAP theorem.","The CAP theorem states that a distributed system can only guarantee two of three properties simultaneously: Consistency (all nodes see the same data), Availability (every request gets a response), and Partition Tolerance (the system works despite network failures). In practice, since partitions are inevitable, you choose between CP (e.g., HBase) and AP (e.g., Cassandra) systems.","Technical","Software Engineer",Hard
"Tell me about a time you failed and what you learned.","In a previous project, I underestimated the complexity of integrating a third-party API, which caused a two-week delay. I learned the importance of thorough technical research during planning, building buffer time into estimates, and communicating risks early to stakeholders.","Behavioral","General",Medium
"What is CI/CD and why is it important?","CI/CD stands for Continuous Integration and Continuous Deployment. CI automates code integration and testing on every commit, catching bugs early. CD automates the deployment pipeline, enabling rapid and reliable releases. Together, they reduce manual errors, speed up delivery, and improve code quality.","Technical","Software Engineer",Medium
"How would you handle a difficult stakeholder?","I'd approach it with empathy and professionalism — actively listening to their concerns, understanding their priorities, and finding common ground. I'd provide clear data and evidence to support recommendations, set realistic expectations, and maintain regular communication to build trust over time.","Conflict Resolution","HR",Hard
"What is your approach to code review?","I focus on readability, correctness, performance, and adherence to team standards. I provide constructive feedback with specific suggestions, ask clarifying questions rather than making assumptions, and ensure edge cases and error handling are covered. I also see code reviews as a learning opportunity for both reviewer and author.","Process","Software Engineer",Medium
